-- phpMyAdmin SQL Dump
-- version 4.0.4
-- http://www.phpmyadmin.net
--
-- 主机: localhost
-- 生成日期: 2014 年 02 月 07 日 08:12
-- 服务器版本: 5.6.12-log
-- PHP 版本: 5.4.16

SET SQL_MODE = "NO_AUTO_VALUE_ON_ZERO";
SET time_zone = "+00:00";


/*!40101 SET @OLD_CHARACTER_SET_CLIENT=@@CHARACTER_SET_CLIENT */;
/*!40101 SET @OLD_CHARACTER_SET_RESULTS=@@CHARACTER_SET_RESULTS */;
/*!40101 SET @OLD_COLLATION_CONNECTION=@@COLLATION_CONNECTION */;
/*!40101 SET NAMES utf8 */;

--
-- 数据库: `ms`
--
CREATE DATABASE IF NOT EXISTS `ms` DEFAULT CHARACTER SET latin1 COLLATE latin1_swedish_ci;
USE `ms`;

-- --------------------------------------------------------

--
-- 表的结构 `jiaoshi`
--

CREATE TABLE IF NOT EXISTS `jiaoshi` (
  `jiaoshi_id` int(10) NOT NULL AUTO_INCREMENT,
  `jiaoshi_name` varchar(30) COLLATE utf8_bin NOT NULL,
  `jiaxuelu_id` int(10) NOT NULL,
  `count` int(10) NOT NULL,
  PRIMARY KEY (`jiaoshi_id`)
) ENGINE=InnoDB  DEFAULT CHARSET=utf8 COLLATE=utf8_bin AUTO_INCREMENT=1014 ;

--
-- 转存表中的数据 `jiaoshi`
--

INSERT INTO `jiaoshi` (`jiaoshi_id`, `jiaoshi_name`, `jiaxuelu_id`, `count`) VALUES
(64, '一教101', 1, 0),
(65, '一教102', 1, 0),
(66, '一教103', 1, 0),
(67, '一教105', 1, 0),
(68, '一教107', 1, 0),
(69, '一教108', 1, 0),
(70, '一教201', 1, 0),
(71, '一教202', 1, 0),
(72, '一教203', 1, 0),
(73, '一教204', 1, 0),
(74, '一教205', 1, 0),
(75, '一教206', 1, 0),
(76, '一教208', 1, 0),
(77, '一教209', 1, 0),
(78, '一教210(机电)', 1, 0),
(79, '一教301(录播)', 1, 0),
(80, '一教302', 1, 0),
(81, '一教303', 1, 0),
(82, '一教305', 1, 0),
(83, '一教306', 1, 0),
(84, '一教308', 1, 0),
(85, '一教402', 1, 0),
(86, '一教403', 1, 0),
(87, '一教404', 1, 0),
(88, '一教405', 1, 0),
(89, '一教407', 1, 0),
(90, '一教408', 1, 0),
(91, '一教409', 1, 0),
(92, '一教502', 1, 0),
(93, '一教503', 1, 0),
(94, '一教504', 1, 0),
(95, '一教505', 1, 0),
(96, '一教507', 1, 0),
(97, '一教508', 1, 0),
(98, '一教509', 1, 0),
(99, '一教601', 1, 0),
(100, '一教602', 1, 0),
(101, '一教603', 1, 0),
(102, '一教605', 1, 0),
(103, '一教608', 1, 0),
(127, '二教504(机电)', 2, 0),
(128, '二教505(机电)', 2, 0),
(129, '二教602', 2, 0),
(130, '二教楼110', 2, 0),
(131, '二教楼115', 2, 0),
(132, '二教407', 2, 0),
(133, '二教410', 2, 0),
(134, '二教506', 2, 0),
(135, '二教508', 2, 0),
(136, '二教510', 2, 0),
(137, '二教511', 2, 0),
(138, '二教512', 2, 0),
(139, '二教514', 2, 0),
(140, '二教515', 2, 0),
(141, '二教楼601', 2, 0),
(142, '二教楼602', 2, 0),
(143, '二教604', 2, 0),
(158, '二教605', 2, 0),
(159, '二教606', 2, 0),
(160, '三教226', 3, 0),
(161, '三教228', 3, 0),
(162, '三教229', 3, 0),
(163, '三教232', 3, 0),
(164, '三教326', 3, 0),
(165, '三教327', 3, 0),
(166, '三教328', 3, 0),
(167, '三教330', 3, 0),
(168, '三教331', 3, 0),
(169, '三教332', 3, 0),
(170, '三教333', 3, 0),
(171, '三教335', 3, 0),
(172, '三教412/413', 3, 0),
(173, '三教414', 3, 0),
(174, '三教415', 3, 0),
(175, '三教419', 3, 0),
(176, '三教420', 3, 0),
(177, '三教421', 3, 0),
(178, '三教517', 3, 0),
(179, '三教416', 3, 0),
(180, '三教418', 3, 0),
(181, '三教514', 3, 0),
(182, '三教515', 3, 0),
(183, '四教102', 4, 0),
(184, '四教104', 4, 0),
(185, '四教106', 4, 0),
(186, '四教107', 4, 0),
(187, '四教108', 4, 0),
(188, '四教109', 4, 0),
(189, '四教110', 4, 0),
(190, '四教111', 4, 0),
(191, '四教113', 4, 0),
(192, '四教2楼', 4, 0),
(193, '四教205', 4, 0),
(194, '四教206', 4, 0),
(195, '四教207', 4, 0),
(196, '四教208', 4, 0),
(197, '四教209', 4, 0),
(198, '四教210', 4, 0),
(199, '四教211', 4, 0),
(200, '四教213', 4, 0),
(201, '四教215', 4, 0),
(202, '四教304', 4, 0),
(203, '四教306', 4, 0),
(204, '四教308', 4, 0),
(205, '四教309', 4, 0),
(206, '四教310', 4, 0),
(207, '四教311', 4, 0),
(208, '四教313', 4, 0),
(209, '四教315', 4, 0),
(210, '四教317', 4, 0),
(211, '四教403', 4, 0),
(212, '四教404', 4, 0),
(213, '四教405', 4, 0),
(214, '四教407', 4, 0),
(215, '四教408', 4, 0),
(216, '四教409', 4, 0),
(217, '四教410', 4, 0),
(218, '四教411', 4, 0),
(219, '四教501', 4, 0),
(220, '四教502', 4, 0),
(221, '四教503', 4, 0),
(222, '四教504', 4, 0),
(223, '四教507', 4, 0),
(224, '四教508', 4, 0),
(225, '四教512', 4, 0),
(226, '四教601', 4, 0),
(227, '四教603', 4, 0),
(228, '四教605', 4, 0),
(229, '四教606', 4, 0),
(230, '四教608', 4, 0),
(231, '四教610', 4, 0),
(232, '四教零合班', 4, 0),
(233, '四教一合班', 4, 0),
(234, '四教二合班', 4, 0),
(235, '四教三合班', 4, 0),
(236, '四教四合班', 4, 0),
(237, '四教五合班', 4, 0),
(238, '四教六合班', 4, 0),
(239, '四教七合班', 4, 0),
(240, '四教八合班', 4, 0),
(241, '四教301', 4, 0),
(242, '四教302', 4, 0),
(243, '四教307', 4, 0),
(244, '五教2-1', 5, 0),
(245, '五教2-2', 5, 0),
(246, '五教2-3', 5, 0),
(247, '五教2-5', 5, 0),
(248, '五教2-6', 5, 0),
(249, '五教2-7', 5, 0),
(250, '五教2-8', 5, 0),
(251, '五教101', 5, 0),
(252, '五教102', 5, 0),
(253, '五教103', 5, 0),
(254, '五教104', 5, 0),
(255, '五教106', 5, 0),
(256, '五教107', 5, 0),
(257, '五教109', 5, 0),
(258, '五教201', 5, 0),
(259, '五教202', 5, 0),
(260, '五教203', 5, 0),
(261, '五教204', 5, 0),
(262, '五教205', 5, 0),
(263, '五教206', 5, 0),
(264, '五教207', 5, 0),
(265, '五教209', 5, 0),
(266, '五教301', 5, 0),
(267, '五教302', 5, 0),
(268, '五教303', 5, 0),
(269, '五教304', 5, 0),
(270, '五教305', 5, 0),
(271, '五教306', 5, 0),
(272, '五教307', 5, 0),
(273, '五教309', 5, 0),
(274, '五教401', 5, 0),
(275, '五教402', 5, 0),
(276, '五教404', 5, 0),
(277, '五教405', 5, 0),
(278, '五教406', 5, 0),
(279, '五教407', 5, 0),
(280, '五教409', 5, 0),
(281, '五教413', 5, 0),
(282, '五教601', 5, 0),
(283, '五教605', 5, 0),
(284, '五教607', 5, 0),
(285, '五教608', 5, 0),
(286, '五教2-4', 5, 0),
(413, '八教102', 8, 0),
(414, '八教103', 8, 0),
(415, '八教104', 8, 0),
(416, '八教105', 8, 0),
(417, '八教1-1', 8, 0),
(418, '八教1-2', 8, 0),
(419, '八教1-3', 8, 0),
(420, '八教1-4', 8, 0),
(421, '八教1-5', 8, 0),
(422, '八教1-6', 8, 0),
(423, '八教2-1', 8, 0),
(424, '八教2-2', 8, 0),
(425, '八教2-3', 8, 0),
(426, '八教2-4', 8, 0),
(427, '八教2-5', 8, 0),
(428, '八教2-6', 8, 0),
(429, '八教3-1', 8, 0),
(430, '八教3-2', 8, 0),
(431, '八教3-3', 8, 0),
(432, '八教3-4', 8, 0),
(433, '八教3-5', 8, 0),
(434, '八教3-6', 8, 0),
(435, '八教4-1', 8, 0),
(436, '八教4-2', 8, 0),
(437, '八教4-3', 8, 0),
(438, '八教4-4', 8, 0),
(439, '八教4-5', 8, 0),
(440, '八教4-6', 8, 0),
(441, '八教602(琴房)', 8, 0),
(442, '八教603(微格)', 8, 0),
(443, '八教604', 8, 0),
(444, '八教605', 8, 0),
(445, '八教606', 8, 0),
(446, '八教702', 8, 0),
(447, '八教703', 8, 0),
(448, '八教705', 8, 0),
(449, '八教706', 8, 0),
(450, '八教708', 8, 0),
(451, '八教709', 8, 0),
(452, '八教711', 8, 0),
(453, '八教712', 8, 0),
(454, '八教713', 8, 0),
(455, '八教802', 8, 0),
(456, '八教803', 8, 0),
(457, '八教805', 8, 0),
(458, '八教806', 8, 0),
(459, '八教808', 8, 0),
(460, '八教809', 8, 0),
(461, '八教811', 8, 0),
(462, '八教812', 8, 0),
(463, '八教704-1', 8, 0),
(464, '八教704-2', 8, 0),
(465, '八教804-1', 8, 0),
(466, '八教804-2', 8, 0),
(467, '九教103', 9, 0),
(468, '九教105', 9, 0),
(469, '九教106', 9, 0),
(470, '九教107', 9, 0),
(471, '九教109', 9, 0),
(472, '九教110', 9, 0),
(473, '九教203', 9, 0),
(474, '九教204', 9, 0),
(475, '九教205', 9, 0),
(476, '九教206', 9, 0),
(477, '九教207', 9, 0),
(478, '九教208', 9, 0),
(479, '九教210', 9, 0),
(480, '九教304', 9, 0),
(481, '九教305(录播)', 9, 0),
(482, '九教308', 9, 0),
(483, '九教310', 9, 0),
(484, '九教311', 9, 0),
(485, '九教312', 9, 0),
(486, '九教313', 9, 0),
(487, '九教404', 9, 0),
(488, '九教405', 9, 0),
(489, '九教408', 9, 0),
(490, '九教410', 9, 0),
(491, '九教412', 9, 0),
(492, '九教413', 9, 0),
(493, '九教415', 9, 0),
(494, '九教504', 9, 0),
(495, '九教508', 9, 0),
(496, '九教510', 9, 0),
(497, '九教511', 9, 0),
(498, '九教512', 9, 0),
(499, '九教513', 9, 0),
(500, '九教604', 9, 0),
(501, '九教605', 9, 0),
(502, '九教608', 9, 0),
(503, '九教610', 9, 0),
(504, '九教611', 9, 0),
(505, '九教612', 9, 0),
(506, '九教613', 9, 0),
(507, '九教703', 9, 0),
(508, '九教704', 9, 0),
(509, '九教705', 9, 0),
(510, '九教708', 9, 0),
(511, '九教710', 9, 0),
(512, '九教711', 9, 0),
(513, '九教712', 9, 0),
(514, '九教803', 9, 0),
(515, '九教804', 9, 0),
(516, '九教805', 9, 0),
(517, '九教806', 9, 0),
(518, '九教808', 9, 0),
(519, '九教810', 9, 0),
(520, '九教811', 9, 0),
(521, '九教507', 9, 0),
(522, '九教509', 9, 0),
(523, '九教603', 9, 0),
(524, '九教607', 9, 0),
(525, '九教709(教育)', 9, 0),
(526, '九教812-1', 9, 0),
(527, '九教812-2', 9, 0),
(528, '九教813-1', 9, 0),
(529, '九教813-2', 9, 0),
(530, '十教201', 10, 0),
(531, '十教202', 10, 0),
(532, '十教203', 10, 0),
(533, '十教206', 10, 0),
(534, '十教207', 10, 0),
(535, '十教208', 10, 0),
(536, '十教209', 10, 0),
(537, '十教210', 10, 0),
(538, '十教211', 10, 0),
(539, '十教215', 10, 0),
(540, '十教217', 10, 0),
(541, '十教301', 10, 0),
(542, '十教302', 10, 0),
(543, '十教303', 10, 0),
(544, '十教308', 10, 0),
(545, '十教310', 10, 0),
(546, '十教311', 10, 0),
(547, '十教312', 10, 0),
(548, '十教313', 10, 0),
(549, '十教附一楼101', 11, 0),
(550, '十教附一楼102', 11, 0),
(551, '十教附一楼103', 11, 0),
(552, '十教附一楼104', 11, 0),
(553, '十教附一楼201', 11, 0),
(554, '十教附一楼202', 11, 0),
(555, '十教附一楼203', 11, 0),
(556, '十教附一楼204', 11, 0),
(557, '十教附一楼301', 11, 0),
(558, '十教附一楼302', 11, 0),
(559, '十教附一楼303', 11, 0),
(560, '十教附一楼304', 11, 0),
(561, '十教附2楼101', 12, 0),
(562, '十教附2楼102', 12, 0),
(563, '十教附2楼103', 12, 0),
(564, '十教附2楼104', 12, 0),
(668, '生命科312', 13, 0),
(669, '生命科313', 13, 0),
(670, '生科楼413', 13, 0),
(671, '生科楼202', 13, 0),
(672, '生科楼210', 13, 0),
(673, '生科楼302', 13, 0),
(674, '生科楼310', 13, 0),
(675, '生科楼321', 13, 0),
(676, '生科楼323', 13, 0),
(677, '生科楼324', 13, 0),
(678, '生科楼402', 13, 0),
(679, '生命科410', 13, 0),
(680, '生科楼414', 13, 0),
(681, '生科楼418', 13, 0),
(682, '生科楼421', 13, 0),
(683, '生科楼424', 13, 0),
(684, '生科楼502', 13, 0),
(685, '生命科510', 13, 0),
(686, '植物学605', 13, 0),
(687, '生科楼610', 13, 0),
(688, '生科楼615', 13, 0),
(689, '生地楼620', 13, 0),
(690, '生科楼616', 13, 0),
(691, '植物学610', 13, 0),
(692, '动物学502', 13, 0),
(693, '生科楼510', 13, 0),
(694, '生科楼605', 13, 0),
(695, '计算机楼537', 14, 0),
(696, '计算机楼108', 14, 0),
(697, '计算机楼114', 14, 0),
(698, '计算机楼115', 14, 0),
(699, '计算机楼116', 14, 0),
(700, '计算机楼117', 14, 0),
(701, '计算机楼119', 14, 0),
(702, '计算机楼217-1', 14, 0),
(703, '计算机楼217-2', 14, 0),
(704, '计算机楼217-3', 14, 0),
(705, '计算机楼220-1', 14, 0),
(706, '计算机楼220-2', 14, 0),
(707, '计算机楼222', 14, 0),
(708, '计算机楼326', 14, 0),
(709, '计算机楼330', 14, 0),
(710, '计算机楼333', 14, 0),
(711, '计算机楼416', 14, 0),
(712, '计算机楼429', 14, 0),
(713, '计算机楼431', 14, 0),
(714, '计算机楼418', 14, 0),
(715, '机电楼108', 15, 0),
(716, '机电楼109', 15, 0),
(717, '机电楼112', 15, 0),
(718, '机电楼117', 15, 0),
(719, '机电楼119', 15, 0),
(720, '机电楼120', 15, 0),
(721, '机电楼121', 15, 0),
(722, '机电楼122', 15, 0),
(723, '机电楼404', 15, 0),
(724, '机电楼405', 15, 0),
(725, '机电楼410', 15, 0),
(726, '机电楼412', 15, 0),
(727, '机电楼413', 15, 0),
(728, '机电楼501', 15, 0),
(729, '机电楼503', 15, 0),
(730, '建筑楼103', 16, 0),
(731, '建筑楼105', 16, 0),
(732, '建筑楼114', 16, 0),
(733, '建筑楼120', 16, 0),
(734, '建筑楼301', 16, 0),
(735, '建筑楼201', 16, 0),
(736, '建筑楼202', 16, 0),
(737, '建筑楼203', 16, 0),
(738, '建筑楼302', 16, 0),
(739, '信息楼一合班', 17, 0),
(740, '信息楼二合班', 17, 0),
(741, '信息楼三合班', 17, 0),
(742, '信息楼105', 17, 0),
(743, '信息楼106', 17, 0),
(744, '信息楼111', 17, 0),
(745, '信息楼116', 17, 0),
(746, '信息楼202', 17, 0),
(747, '信息楼203', 17, 0),
(748, '信息楼206', 17, 0),
(749, '信息楼207', 17, 0),
(750, '信息楼210', 17, 0),
(751, '信息楼211', 17, 0),
(752, '信息楼214', 17, 0),
(753, '信息楼215', 17, 0),
(754, '能源楼绿000', 18, 0),
(755, '能源楼平002', 18, 0),
(756, '能源楼平004', 18, 0),
(757, '能源楼平005', 18, 0),
(758, '能源楼平006', 18, 0),
(759, '能源楼平007', 18, 0),
(760, '能源楼北101', 18, 0),
(761, '能源楼北107', 18, 0),
(762, '能源楼北109', 18, 0),
(763, '能源楼北110', 18, 0),
(764, '能源楼北116', 18, 0),
(765, '能源楼北201', 18, 0),
(766, '能源楼北214', 18, 0),
(767, '能源楼北216', 18, 0),
(768, '能源楼北217', 18, 0),
(769, '能源楼北306', 18, 0),
(770, '能源楼北309', 18, 0),
(771, '能源楼北318', 18, 0),
(772, '能源楼北408', 18, 0),
(773, '能源楼北410', 18, 0),
(774, '能源楼南101', 18, 0),
(775, '能源楼南104', 18, 0),
(776, '能源楼南105', 18, 0),
(777, '能源楼南110', 18, 0),
(778, '能源楼南111', 18, 0),
(779, '能源楼南112', 18, 0),
(780, '能源楼南115', 18, 0),
(781, '能源楼南117', 18, 0),
(782, '能源楼南212', 18, 0),
(783, '能源楼南213', 18, 0),
(784, '能源楼南402', 18, 0),
(785, '能源楼南411', 18, 0),
(786, '能源楼南412', 18, 0),
(787, '能源楼105', 18, 0),
(788, '能源楼阶梯教室', 18, 0),
(789, '土木楼负一楼004', 19, 0),
(790, '土木楼105', 19, 0),
(791, '土木楼139', 19, 0),
(792, '土木楼141', 19, 0),
(793, '土木楼340', 19, 0),
(794, '土木楼342', 19, 0),
(795, '土木楼344', 19, 0),
(796, '土木楼351', 19, 0),
(797, '土木楼438', 19, 0),
(798, '土木楼449', 19, 0),
(799, '土木楼535', 19, 0),
(800, '土木楼537', 19, 0),
(801, '土木楼548', 19, 0),
(802, '土木楼551', 19, 0),
(803, '土木楼552', 19, 0),
(804, '土木楼624/627', 19, 0),
(805, '土木楼626/629', 19, 0),
(806, '土木楼628/631', 19, 0),
(807, '土木楼630/633', 19, 0),
(808, '土木楼634/637', 19, 0),
(809, '土木楼636', 19, 0),
(810, '土木楼700', 19, 0),
(811, '物理楼219', 20, 0),
(812, '物理楼410', 20, 0),
(813, '物理楼414', 20, 0),
(814, '物理楼415', 20, 0),
(815, '物理楼503', 20, 0),
(816, '化工楼405', 21, 0),
(817, '化工楼406', 21, 0),
(818, '化工楼407', 21, 0),
(819, '化工楼408', 21, 0),
(820, '化工楼204', 21, 0),
(821, '化工楼101', 21, 0),
(822, '化工楼103-105', 21, 0),
(823, '化工楼104-106', 21, 0),
(824, '化工楼107', 21, 0),
(825, '化工楼108-110', 21, 0),
(826, '化工楼111-113', 21, 0),
(827, '化工楼112-114', 21, 0),
(828, '化工楼201', 21, 0),
(829, '化工楼203', 21, 0),
(830, '化工楼205', 21, 0),
(831, '化工楼207', 21, 0),
(832, '化工楼208-110', 21, 0),
(833, '化工楼209-211', 21, 0),
(834, '化工楼212-214', 21, 0),
(835, '化工楼213', 21, 0),
(836, '化工楼215-217', 21, 0),
(837, '化工楼401', 21, 0),
(838, '化工楼402', 21, 0),
(839, '化工楼403-405', 21, 0),
(840, '化工楼404-405', 21, 0),
(841, '化工楼601', 21, 0),
(842, '化工楼602', 21, 0),
(843, '化工楼603-605', 21, 0),
(844, '化工楼604-606', 21, 0),
(845, '化工楼607', 21, 0),
(846, '化工楼608', 21, 0),
(847, '化工楼609-611', 21, 0),
(848, '化工楼610', 21, 0),
(849, '化工楼612-614', 21, 0),
(850, '化工楼613', 21, 0),
(851, '化工楼615-617', 21, 0),
(852, '化学楼101-103', 22, 0),
(853, '化学楼102-104', 22, 0),
(854, '化学楼105-107', 22, 0),
(855, '化学楼106-108', 22, 0),
(856, '化学楼109-111', 22, 0),
(857, '化学楼110-112', 22, 0),
(858, '化学楼117', 22, 0),
(859, '化学楼118-119', 22, 0),
(860, '化学楼120', 22, 0),
(861, '化学楼124-125', 22, 0),
(862, '化学楼127-128', 22, 0),
(863, '化学楼129-130', 22, 0),
(864, '化学楼131-132', 22, 0),
(865, '化学楼133', 22, 0),
(866, '化学楼134', 22, 0),
(867, '化学楼135', 22, 0),
(868, '化学楼201', 22, 0),
(869, '化学楼202-204', 22, 0),
(870, '化学楼203', 22, 0),
(871, '化学楼205', 22, 0),
(872, '化学楼206-208', 22, 0),
(873, '化学楼207', 22, 0),
(874, '化学楼209-211', 22, 0),
(875, '化学楼210-212', 22, 0),
(876, '化学楼213', 22, 0),
(877, '化学楼215', 22, 0),
(878, '化学楼216', 22, 0),
(879, '化学楼217', 22, 0),
(880, '化学楼218', 22, 0),
(881, '化学楼219', 22, 0),
(882, '化学楼220', 22, 0),
(883, '化学楼221', 22, 0),
(884, '化学楼224-225', 22, 0),
(885, '化学楼227-228', 22, 0),
(886, '化学楼229-230', 22, 0),
(887, '化学楼231-232', 22, 0),
(888, '化学楼233', 22, 0),
(889, '化学楼234', 22, 0),
(890, '化学楼235', 22, 0),
(891, '化学楼301-303', 22, 0),
(892, '化学楼302', 22, 0),
(893, '化学楼304', 22, 0),
(894, '化学楼305-307', 22, 0),
(895, '化学楼306', 22, 0),
(896, '化学楼308', 22, 0),
(897, '化学楼309-311', 22, 0),
(898, '化学楼310-312', 22, 0),
(899, '化学楼313', 22, 0),
(900, '化学楼314', 22, 0),
(901, '化学楼315-316', 22, 0),
(902, '化学楼317-319', 22, 0),
(903, '化学楼320', 22, 0),
(904, '化学楼321', 22, 0),
(905, '化学楼324-325', 22, 0),
(906, '化学楼327-328', 22, 0),
(907, '化学楼329-330', 22, 0),
(908, '化学楼331-332', 22, 0),
(909, '化学楼401-403', 22, 0),
(910, '化学楼402-404', 22, 0),
(911, '化学楼405', 22, 0),
(912, '化学楼406-408', 22, 0),
(913, '化学楼407', 22, 0),
(914, '化学楼409', 22, 0),
(915, '化学楼410-412', 22, 0),
(916, '化学楼411', 22, 0),
(917, '化学楼413-414', 22, 0),
(918, '化学楼415', 22, 0),
(919, '化学楼416', 22, 0),
(920, '化学楼417-418', 22, 0),
(921, '化学楼419-420', 22, 0),
(922, '化学楼421', 22, 0),
(923, '化学楼424-425', 22, 0),
(924, '化学楼427-428', 22, 0),
(925, '化学楼429-430', 22, 0),
(926, '化学楼431-432', 22, 0),
(927, '化学楼501-503', 22, 0),
(928, '化学楼502', 22, 0),
(929, '化学楼504', 22, 0),
(930, '化学楼505-507', 22, 0),
(931, '化学楼506', 22, 0),
(932, '化学楼508', 22, 0),
(933, '化学楼509-511', 22, 0),
(934, '化学楼510', 22, 0),
(935, '化学楼512', 22, 0),
(936, '化学楼513', 22, 0),
(937, '化学楼514-516', 22, 0),
(938, '化学楼517', 22, 0),
(939, '化学楼518-519', 22, 0),
(940, '化学楼520', 22, 0),
(941, '化学楼521', 22, 0),
(942, '化学楼524-525', 22, 0),
(943, '化学楼527-528', 22, 0),
(944, '化学楼529-530', 22, 0),
(945, '化学楼531-532', 22, 0),
(946, '化学楼601-603', 22, 0),
(947, '化学楼602', 22, 0),
(948, '化学楼604', 22, 0),
(949, '化学楼605', 22, 0),
(950, '化学楼606', 22, 0),
(951, '化学楼607-609', 22, 0),
(952, '化学楼608', 22, 0),
(953, '化学楼610', 22, 0),
(954, '化学楼611', 22, 0),
(955, '化学楼612', 22, 0),
(956, '化学楼613', 22, 0),
(957, '化学楼614', 22, 0),
(958, '化学楼615', 22, 0),
(959, '化学楼616', 22, 0),
(960, '化学楼617', 22, 0),
(961, '化学楼618', 22, 0),
(962, '化学楼619', 22, 0),
(963, '化学楼620', 22, 0),
(964, '化学楼621', 22, 0),
(965, '化学楼624-625', 22, 0),
(966, '化学楼627-628', 22, 0),
(967, '化学楼629-630', 22, 0),
(968, '化学楼631-632', 22, 0),
(969, '外语楼101', 23, 0),
(970, '外语楼108', 23, 0),
(971, '外语楼110', 23, 0),
(972, '外语楼112', 23, 0),
(973, '外语楼201', 23, 0),
(974, '外语楼202', 23, 0),
(975, '外语楼204', 23, 0),
(976, '外语楼208', 23, 0),
(977, '外语楼210', 23, 0),
(978, '外语楼212', 23, 0),
(979, '外语楼214', 23, 0),
(980, '外语楼216', 23, 0),
(981, '外语楼302', 23, 0),
(982, '外语楼306', 23, 0),
(983, '外语楼308', 23, 0),
(984, '外语楼310', 23, 0),
(985, '外语楼312', 23, 0),
(986, '外语楼314', 23, 0),
(987, '外语楼401', 23, 0),
(988, '外语楼402', 23, 0),
(989, '外语楼403', 23, 0),
(990, '外语楼405', 23, 0),
(991, '外语楼406', 23, 0),
(992, '外语楼407', 23, 0),
(993, '外语楼408', 23, 0),
(994, '外语楼410', 23, 0),
(995, '外语楼411', 23, 0),
(996, '外语楼412', 23, 0),
(997, '外语楼414', 23, 0),
(998, '外语楼501', 23, 0),
(999, '外语楼504', 23, 0),
(1000, '外语楼506', 23, 0),
(1001, '外语楼508', 23, 0),
(1002, '外语楼510', 23, 0),
(1003, '外语楼511', 23, 0),
(1004, '外语楼601', 23, 0),
(1005, '外语楼602', 23, 0),
(1006, '外语楼603', 23, 0),
(1007, '外语楼604', 23, 0),
(1008, '外语楼605', 23, 0),
(1009, '外语楼606', 23, 0),
(1010, '外语楼608', 23, 0),
(1011, '外语楼610', 23, 0),
(1012, '外语楼611', 23, 0),
(1013, '外语楼102', 23, 0);

-- --------------------------------------------------------

--
-- 表的结构 `jiaoxuelou`
--

CREATE TABLE IF NOT EXISTS `jiaoxuelou` (
  `id` int(3) NOT NULL AUTO_INCREMENT COMMENT '教学楼id',
  `name` varchar(30) COLLATE utf8_bin NOT NULL COMMENT '教学楼 name',
  `count` int(10) NOT NULL,
  PRIMARY KEY (`id`)
) ENGINE=InnoDB  DEFAULT CHARSET=utf8 COLLATE=utf8_bin AUTO_INCREMENT=24 ;

--
-- 转存表中的数据 `jiaoxuelou`
--

INSERT INTO `jiaoxuelou` (`id`, `name`, `count`) VALUES
(1, '第一教学楼', 40),
(2, '第二教学楼', 19),
(3, '第三教学楼', 23),
(4, '第四教学楼', 61),
(5, '第五教学楼', 43),
(8, '第八教学楼', 54),
(9, '第九教学楼', 63),
(10, '第十教学楼', 19),
(11, '第十教附一楼', 12),
(12, '第十教附二楼', 4),
(13, '生命科学楼', 27),
(14, '计算机大楼', 20),
(15, '机电楼', 15),
(16, '建筑楼', 9),
(17, '信息楼', 15),
(18, '能源楼', 35),
(19, '土木楼', 22),
(20, '物理楼', 5),
(21, '化工楼', 36),
(22, '化学楼', 117),
(23, '外语楼', 45);

-- --------------------------------------------------------

--
-- 表的结构 `news`
--

CREATE TABLE IF NOT EXISTS `news` (
  `news_id` int(10) NOT NULL AUTO_INCREMENT,
  `title` varchar(100) COLLATE utf8_bin NOT NULL,
  `content` text COLLATE utf8_bin NOT NULL,
  `user` varchar(30) COLLATE utf8_bin NOT NULL DEFAULT 'admin',
  `style` varchar(30) COLLATE utf8_bin NOT NULL,
  `importance` int(1) NOT NULL DEFAULT '0',
  `time` datetime NOT NULL,
  `isshow` int(1) NOT NULL DEFAULT '1',
  PRIMARY KEY (`news_id`)
) ENGINE=InnoDB  DEFAULT CHARSET=utf8 COLLATE=utf8_bin AUTO_INCREMENT=10 ;

--
-- 转存表中的数据 `news`
--

INSERT INTO `news` (`news_id`, `title`, `content`, `user`, `style`, `importance`, `time`, `isshow`) VALUES
(8, '关于我们', '开发中,敬请期待.湖南科技大学acm集训队版权所有...\n系统基于html5标准,支持chrome,firefox,opera,ie10等浏览器,暂不支持ie6\n', 'admin', '', 0, '2013-05-23 21:13:45', 1),
(9, '我需要支持IE6么?', '<div class="brieftext">\n    <p class="f14 green">\n        开发过WEB的朋友对这个都深有体会，如果做出来的网站可以不需要支持IE6，工作量可能会减少一半，界面能更漂亮，用户的浏览体验也会更好。IE6是广大前端开发者的噩梦，这么多年一直缠绕在身边；那么，我们的网站可以不支持IE6么？\n    </p>\n</div>\n<div id="content">\n        <strong>\n            GeForce的态度\n        </strong>\n    </p>\n    <p>\n        如果你的网站足够牛，其内容能够让用户为了浏览你的站点，不惜去换个浏览器也得访问，那么你也可以这样：\n    </p>\n    <p>\n        当你用IE6访问<a href="http://www.geforce.cn">http://www.geforce.cn/</a>，则直接跳转到这么一个noIE6的页面：\n    </p>\n    <p>\n        <img class="fit-image" onload="javascript:if(this.width>498)this.width=498;"\n        onmousewheel="javascript:return big(this)" title="image" border="0" alt="image"\n        src="http://images.51cto.com/files/uploadimg/20120814/1725560.png">\n    </p>\n    <p>\n        当然，我们需要认识到，Geforce是做显卡、做游戏这这一块的公司，他所面对的用户群主体是30岁之前的年轻群体，这一类人容易接受新事物，也愿意为之改变。\n    </p>\n    <p>\n        <strong>\n            微软的态度\n        </strong>\n    </p>\n    <p>\n        IE6是微软开发的，那么他的态度如何？\n    </p>\n    <p>\n        微软早就明确表明态度，并做出了实际行动。\n    </p>\n    <p>\n        为了让用户停止使用IE6，公司发起一系列活动促使IE6用户能够升级到新版本浏览器，为了继续推动IE6淘汰的进程，微软发布了一个主题为“IE6countdown”(IE6倒计时)网站，网站写道：“让IE6离开这个世界。”\n    </p>\n    <p>\n        <img class="fit-image" onload="javascript:if(this.width>498)this.width=498;"\n        onmousewheel="javascript:return big(this)" title="image" border="0" alt="image"\n        src="http://images.51cto.com/files/uploadimg/20120814/1725561.png">\n    </p>\n    <p>\n        <a href="http://www.ie6countdown.com/">http://www.ie6countdown.com/</a>\n    </p>\n    <p>\n        我们很不幸的看到，只有中国还是一片橙色区域，这意味着IE6在中国的市场占用率还是25%以上。\n    </p>\n    <p>\n        <strong>\n            中国的态度\n        </strong>\n    </p>\n    <p>\n        IE6是绑定在Windows XP系统中的，随操作系统一同安装上的。虽然vista、win7、win8都已面世，但升级的用户并不像微软想象的那么多。市场上，XP依然流行。这就导致IE6依然是主角。\n    </p>\n    <p>\n        XP不死，IE6不死；\n    </p>\n    <p>\n        如果是面向中国用户，可能更多的还是要考虑IE6的兼容性。\n    </p>\n    <p>\n        <strong>\n            中国银行们的态度\n        </strong>\n    </p>\n    <p>\n        为什么要把银行单独拿出来说事？是这样的，你可以用Chrome上京东商城，可以用Firefox来淘宝，但是最后，到了网银付账的时候，对不起，重新登录，转到IE6来支付吧。\n    </p>\n    <p>\n        因为我们的银行，只支持IE！！！\n    </p>\n    <p>\n        <strong>\n            我们态度\n        </strong>\n    </p>\n    <p>\n        我们是WEB开发者，这是我们不得不思考的问题：\n    </p>\n    <p>\n        我们所面向的用户群是哪一类？\n    </p>\n    <p>\n        用户愿意为了浏览我的网站而更改浏览器么？\n    </p>\n    <p>\n        我的网站是面向中国还是其它国家？\n    </p>\n    <p>\n        或许再等五年，这就不再是个问题。\n    </p>\n    <p>\n        期待。\n    </p>\n</div>', 'admin', '', 0, '0000-00-00 00:00:00', 1);

-- --------------------------------------------------------

--
-- 表的结构 `state`
--

CREATE TABLE IF NOT EXISTS `state` (
  `date` varchar(10) CHARACTER SET utf8 COLLATE utf8_bin NOT NULL COMMENT '日期',
  `jiaoxuelou_id` int(2) NOT NULL COMMENT '教学楼id',
  `jiaoshi_id` int(4) NOT NULL COMMENT '教室id',
  `occupy` int(2) NOT NULL COMMENT '第几节课,从0开始',
  `username` varchar(30) CHARACTER SET utf8 COLLATE utf8_bin NOT NULL COMMENT '用户名',
  `usernick` varchar(30) CHARACTER SET utf8 COLLATE utf8_bin DEFAULT NULL COMMENT '昵称',
  `class` varchar(100) CHARACTER SET utf8 COLLATE utf8_bin DEFAULT NULL COMMENT '班级',
  `the_usage` varchar(1000) CHARACTER SET utf8 COLLATE utf8_bin DEFAULT NULL COMMENT '用途',
  `id` int(10) NOT NULL COMMENT 'id',
  `tips` varchar(6) CHARACTER SET utf8 COLLATE utf8_bin NOT NULL COMMENT '显示的名称',
  PRIMARY KEY (`id`),
  KEY `date` (`date`)
) ENGINE=InnoDB DEFAULT CHARSET=latin1 COMMENT='储存每次占用的信息';

--
-- 转存表中的数据 `state`
--

INSERT INTO `state` (`date`, `jiaoxuelou_id`, `jiaoshi_id`, `occupy`, `username`, `usernick`, `class`, `the_usage`, `id`, `tips`) VALUES
('2014-02-06', 1, 64, 2, 'wkc', 'nifdck', 'cldfass', 'use', 0, '撒地方'),
('2014-02-07', 1, 65, 1, 'wkdc', 'nick', 'class', 'use', 1, '发的说法'),
('2014-02-08', 1, 66, 4, 'wkgc', 'nihck', 'cladss', 'use', 2, '范德萨范德萨'),
('2014-02-09', 1, 67, 5, 'wfgdkc', 'nghick', 'cldass', 'use', 3, '福德宫'),
('2014-02-10', 1, 68, 6, 'wdfkc', 'ngick', 'clagdss', 'use', 4, '方的观点'),
('2014-02-11', 1, 69, 7, 'wfdgkc', 'nick', 'clafdgss', 'use', 5, '过放电'),
('2014-02-12', 1, 70, 8, 'wfgkc', 'nifck', 'clasdfgs', 'use', 6, '果冻粉'),
('2014-02-13', 1, 71, 9, 'wfdgkc', 'nifck', 'clafdgss', 'use', 7, '果冻粉'),
('2014-02-14', 2, 136, 9, 'wfgkc', 'nigck', 'clafgss', 'use', 8, '官方');

-- --------------------------------------------------------

--
-- 表的结构 `user`
--

CREATE TABLE IF NOT EXISTS `user` (
  `id` int(10) NOT NULL AUTO_INCREMENT,
  `nickname` varchar(30) COLLATE utf8_bin DEFAULT NULL,
  `realname` varchar(30) COLLATE utf8_bin NOT NULL,
  `permission` enum('admin','manager','user','guest') COLLATE utf8_bin NOT NULL DEFAULT 'guest',
  `password` varchar(40) COLLATE utf8_bin NOT NULL,
  `idcard` varchar(18) COLLATE utf8_bin NOT NULL,
  `email` varchar(100) COLLATE utf8_bin DEFAULT NULL,
  `qq` varchar(20) COLLATE utf8_bin DEFAULT NULL,
  `tel` varchar(20) COLLATE utf8_bin DEFAULT NULL,
  `introduction` text COLLATE utf8_bin,
  `lastlogintime` datetime NOT NULL,
  `logincount` int(11) NOT NULL DEFAULT '0',
  PRIMARY KEY (`id`)
) ENGINE=InnoDB  DEFAULT CHARSET=utf8 COLLATE=utf8_bin AUTO_INCREMENT=1255010219 ;

--
-- 转存表中的数据 `user`
--

INSERT INTO `user` (`id`, `nickname`, `realname`, `permission`, `password`, `idcard`, `email`, `qq`, `tel`, `introduction`, `lastlogintime`, `logincount`) VALUES
(11, '22', '22', 'guest', '22', '22', '22', '22', '22', '22', '2013-05-25 03:18:05', 0),
(10000, 'admin', 'admin', 'admin', 'admin', '', NULL, NULL, NULL, NULL, '2013-05-25 12:33:43', 5),
(1105010225, 'Z', '曾紫依', 'guest', 'admin', '430525199511057427', '', '', '', '', '2013-05-22 20:15:44', 1),
(1205010207, '', '王克纯', 'guest', 'guest', '432522199508263732', '', '978750903', '', '', '2013-05-30 22:24:06', 14),
(1205010218, '', '田昌昊', 'guest', '123456', '430302199409213299', '', '', '', '', '2013-05-25 03:56:40', 1),
(1205020201, '', '吴展辉', 'guest', '123456', '440681199304175955', '', '', '', '', '2013-05-25 09:31:23', 1),
(1205030209, '加贝', '陈加贝', 'guest', '1205030209', '43022419940912001x', '', '610164407', '13203220919', '', '2013-05-28 21:19:57', 1),
(1255010217, '一条狗', '曹昆', 'guest', '823826823', '431026199112200038', 'fenglxlblog@gmail.com', '823826823', '15273280233', '', '2013-05-26 23:30:00', 3),
(1255010218, 'FW36-lxl', '刘宣麟', 'guest', '123456', '430304199311262554', '', '476635120', '13973242948', '', '2013-05-28 21:02:16', 2);

/*!40101 SET CHARACTER_SET_CLIENT=@OLD_CHARACTER_SET_CLIENT */;
/*!40101 SET CHARACTER_SET_RESULTS=@OLD_CHARACTER_SET_RESULTS */;
/*!40101 SET COLLATION_CONNECTION=@OLD_COLLATION_CONNECTION */;
